person_name,person_wikidata_id,person_description,award_name,award_wikidata_id,year,isiscb_id,viaf_id,cb_viaf_id,match_method
Alphonse Berget,Q27179126,French geophysicist and oceanographer; fiction writer as A. Viger,Binoux Prize,Q116982264,1904,,54188788,,
Nestor Larras,Q22211899,French officer and surveyor,Binoux Prize,Q116982264,1906,,76618601,,
Gino Loria,Q926791,Italian mathematician (1862-1954),Binoux Prize,Q116982264,1907,CBA055761891,113543468,http://viaf.org/viaf/113543468,viaf
Johan Ludvig Heiberg,Q936503,Danish philologist and hellenist (1854-1928),Binoux Prize,Q116982264,1912,CBA000140504,36965878,http://viaf.org/viaf/36965878,viaf
Jules Molk,Q6305975,French mathematician,Binoux Prize,Q116982264,1912,,14824772,,
Frédéric Marguet,Q3090009,French officer,Binoux Prize,Q116982264,1915,,89217962,,
Francisco Gomes Teixeira,Q3815565,Portuguese mathematician (1851–1933),Binoux Prize,Q116982264,1917,CBA000101137,10209602,http://viaf.org/viaf/57397011,name
Maurice Delacre,Q55232657,Belgian art collector,Binoux Prize,Q116982264,1919,,9472074,,
Albert Maire,Q16938026,French librarian (1856–1931),Binoux Prize,Q116982264,1925,,19742938,,
Emmanuel de Martonne,Q2707645,French geographer (1873–1955),Binoux Prize,Q116982264,1925,CBA000065702,66528104,http://viaf.org/viaf/66528104,viaf
Prosper Charbonnier,Q16592562,French physicist (1862-1936),Binoux Prize,Q116982264,1929,,235513383,,
Georges Poivilliers,Q55671676,French engineer,Binoux Prize,Q116982264,1930,,122112708,,
Pierre Brunet,Q29184945,French historian of science (1893-1950),Binoux Prize,Q116982264,1930,,100899114,,
Ernest Esclangon,Q574628,French astronomer and mathematician (1876–1954),Binoux Prize,Q116982264,1934,,36911953,,
Raoul Combes,Q922504,French botanist (1883-1964),Binoux Prize,Q116982264,1934,,34588919,,
George Sarton,Q1316061,Belgian-American historian of science (1884–1956),Binoux Prize,Q116982264,1935,CBA000089873,64049239,http://viaf.org/viaf/64049239,viaf
Édouard de Martonne,Q55672635,,Binoux Prize,Q116982264,1936,,164055930,,
Raoul Goudey,Q116982458,astronomer,Binoux Prize,Q116982264,1937,,211338739,,
Alexandre Koyré,Q319243,French philosopher (1892–1964),Binoux Prize,Q116982264,1940,CBA000055698,100191727,http://viaf.org/viaf/100191727,viaf
Pierre Vendryès,Q93248388,"French physician, physiologist and philosopher",Binoux Prize,Q116982264,1946,CBA000105350,114384780,,name
Jean Daujat,Q3171571,French philosopher (1906-1998),Binoux Prize,Q116982264,1947,,19676390,,
Georges Bouligand,Q3102352,French mathematician (1889-1979),Binoux Prize,Q116982264,1948,,110574200,,
Eugène Revert,Q55237029,French geographer,Binoux Prize,Q116982264,1949,,70963788,,
J. M. D. Olmsted,Q112498403,American neurophysiologist,Binoux Prize,Q116982264,1949,,3784804,,
Jean Despois,Q22210583,French geographer (1901-1978),Binoux Prize,Q116982264,1950,,46858550,,
André Hahn,Q104465275,"born:1900-07-30|died:1975-08-31|; Hahn, André.; Hahn, André Alfred chef de biblioth; Hahn, André, historien; Hahn, André Alfred, n.1900",Binoux Prize,Q116982264,1963,,250611732,,
Louis Bounoure,Q87721624,French biologist (1885-1966),Binoux Prize,Q116982264,1965,,15105538,,
Henri Lacombe,Q98822275,born 1913; died 2000,Binoux Prize,Q116982264,1966,CBA000057067,24603660,,name
Claude Debru,Q21791478,French philosopher and historian of science,Binoux Prize,Q116982264,1983,CBA000024158,59081089,,name
Emmanuel Poulle,Q1338383,French medievalist and archivist (1928–2011),Binoux Prize,Q116982264,1987,CBA000081402,54152914,,name
Christian Houzel,Q1080373,French mathematician and historian of mathematics,Binoux Prize,Q116982264,1995,CBA000047459,4992931,,name
André Guillerme,Q55626960,,Binoux Prize,Q116982264,2010,CBA000040903,111256596,,name
Olivier Houdé,Q18744902,French psychologist and university professor,Binoux Prize,Q116982264,2014,CBA000047384,39433717,,name
André George,Q2847829,French writer (1890–1978),Binoux Prize,Q116982264,,,97841344,,
Annie Souriau,Q62560479,French seismologist,Binoux Prize,Q116982264,,,14985176,,
Karine Chemla,Q1729607,French mathematician and historian of mathematics,Binoux Prize,Q116982264,,CBA000018262,24658806,,name
Philippe Bougeault,Q33114743,"General Engineer of Bridges, Waters and Forests, Research Scientist. Director of Research of Météo-France",Binoux Prize,Q116982264,,,66602200,,
Stillman Drake,Q2349689,Canadian academic (1910–1993),Galileo Galilei Prize for the Italian History of Science,Q26999335,1984,CBA000026976,108296373,http://viaf.org/viaf/108296373,viaf
Michael J. B. Allen,Q95325201,,Galileo Galilei Prize for the Italian History of Science,Q26999335,2008,CBA000001522,34506153,,name
Anthony Molho,Q19753769,Greek historian,Galileo Galilei Prize for the Italian History of Science,Q26999335,2010,,64075152,,
Giovanni Dosi,Q5563834,Italian economist (1953-),Galileo Galilei Prize for the Italian History of Science,Q26999335,2024,CBA000026731,39438457,,name
Werner Eck,Q96525,German historian of classical antiquity (1939-),Galileo Galilei Prize for the Italian History of Science,Q26999335,2024,CBA000028280,110202551,,name
Giampaolo Salvi,Q110848608,Swiss-Hungarian linguist (1954–),Galileo Galilei Prize for the Italian History of Science,Q26999335,,,,,
George Sarton,Q1316061,Belgian-American historian of science (1884–1956),George Sarton Medal,Q1506778,1955,CBA000089873,64049239,http://viaf.org/viaf/64049239,viaf
Charles Singer,Q367890,British historian of science (1876-1960),George Sarton Medal,Q1506778,1956,CBA000140108,34479352,"http://viaf.org/viaf/34479352, http://viaf.org/viaf/34479352",viaf
Dorothea Waley Singer,Q528997,British historian (1882–1964),George Sarton Medal,Q1506778,1956,,111569218,,
Lynn Thorndike,Q357483,American historian of medieval science and alchemy (1882–1965),George Sarton Medal,Q1506778,1957,CBA000102033,27853305,"http://viaf.org/viaf/27853305, http://viaf.org/viaf/27853305",viaf
John Farquhar Fulton,Q1700039,American neurophysiologist and historian of science (1899–1960),George Sarton Medal,Q1506778,1958,CBA000034643,66595684,http://viaf.org/viaf/66595684,viaf
Richard Harrison Shryock,Q2149716,American medical historian,George Sarton Medal,Q1506778,1959,CBA367760255,9912028,,name
Owsei Temkin,Q75312,Russian-born American medical historian (1902–2002),George Sarton Medal,Q1506778,1960,CBA000101209,108866294,http://viaf.org/viaf/108866294,viaf
Alexandre Koyré,Q319243,French philosopher (1892–1964),George Sarton Medal,Q1506778,1961,CBA000055698,100191727,http://viaf.org/viaf/100191727,viaf
Eduard Jan Dijksterhuis,Q726217,Dutch historian (1892–1965),George Sarton Medal,Q1506778,1962,CBA000025795,19757924,http://viaf.org/viaf/19757924,viaf
Vasilij Pavlovič Zubov,Q2552118,Russian mathematician and historian of mathematics (1900-1963),George Sarton Medal,Q1506778,1963,,74744105,,
J. R. Partington,Q903959,British chemist and historian of science (1886–1965),George Sarton Medal,Q1506778,1965,CBA000077550,4518147270695535700008,,name
Anneliese Maier,Q91482,German historian (1905-1971),George Sarton Medal,Q1506778,1966,CBA000063846,109222111,http://viaf.org/viaf/109222111,viaf
Joseph Needham,Q318054,"British biochemist, historian and sinologist (1900–1995)",George Sarton Medal,Q1506778,1968,CBA000073388,61550127,http://viaf.org/viaf/61550127,viaf
Kurt Vogel,Q1794191,German mathematician and historian of mathematics (1888-1985),George Sarton Medal,Q1506778,1969,CBA000106204,34468774,http://viaf.org/viaf/34468774,viaf
Walter Pagel,Q75242,pathologist and medical historian (1898-1983),George Sarton Medal,Q1506778,1970,CBA000076655,76321014,http://viaf.org/viaf/76321014,viaf
Willy Hartner,Q99857,German polymath (1905–1981),George Sarton Medal,Q1506778,1971,CBA000043236,64799127,http://viaf.org/viaf/64799127,viaf
Kiyoshi Yabūchi,Q1531946,Japanese mathematician and historian of mathematics (1906–2000),George Sarton Medal,Q1506778,1972,CBA000111929,55449148,http://viaf.org/viaf/55449148,viaf
Henry Guerlac,Q907710,American historian (1910-1985),George Sarton Medal,Q1506778,1973,CBA000040744,266692537,http://viaf.org/viaf/266692537,viaf
I. Bernard Cohen,Q1347036,American historian of science (1914–2003),George Sarton Medal,Q1506778,1974,CBA033523925,109027684,https://viaf.org/viaf/109027684/,viaf
René Taton,Q1388382,French historian of science (1915-2004),George Sarton Medal,Q1506778,1975,CBA000100849,32003341,http://viaf.org/viaf/32003341,viaf
Bern Dibner,Q822095,American engineer (1897–1988),George Sarton Medal,Q1506778,1976,CBA000025570,29661946,http://viaf.org/viaf/29661946,viaf
Tom Whiteside,Q1200127,British mathematician and historian of mathematics (1932–2008),George Sarton Medal,Q1506778,1977,CBA000109371,262811787,http://viaf.org/viaf/262811787,viaf
Adolf Yushkevich,Q363560,Soviet historian of mathematics and leading expert in medieval Eastern mathematics (1906-1993),George Sarton Medal,Q1506778,1978,CBA000140268,19911048,http://viaf.org/viaf/19911048,viaf
Maria Luisa Righini-Bonelli,Q1367633,Italian mathematician and historian of mathematics (1917-1981),George Sarton Medal,Q1506778,1979,CBA000010734,76442255,http://viaf.org/viaf/76442255,viaf
Marshall Clagett,Q325282,American historian of science (1916-2005),George Sarton Medal,Q1506778,1980,CBA000019135,24617715,http://viaf.org/viaf/24617715,viaf
Alfred Rupert Hall,Q2176530,British historian of science (1920–2009),George Sarton Medal,Q1506778,1981,CBA000041882,102334314,http://viaf.org/viaf/102334314,viaf
Marie Boas Hall,Q527805,American historian of science (1919 – 2009),George Sarton Medal,Q1506778,1981,CBA000041948,108172925,http://viaf.org/viaf/108172925,viaf
Thomas Kuhn,Q184980,"American historian, physicist and philosopher (1922 – 1996)",George Sarton Medal,Q1506778,1982,CBA000056513,22144060,http://viaf.org/viaf/22144060,viaf
Georges Canguilhem,Q433741,French philosopher (1904-1995),George Sarton Medal,Q1506778,1983,CBA000015926,41837558,http://viaf.org/viaf/41837558,viaf
Charles Coulston Gillispie,Q1064544,American historian (1918–2015),George Sarton Medal,Q1506778,1984,CBA000037219,88885236,http://viaf.org/viaf/88885236,viaf
Paolo Rossi,Q686429,Italian philosopher and science historian (1923-2012),George Sarton Medal,Q1506778,1985,CBA000087345,100176550,http://viaf.org/viaf/100176550,viaf
Richard S. Westfall,Q1074715,American historian of science (1924–1996),George Sarton Medal,Q1506778,1985,CBA000108991,292198614,http://viaf.org/viaf/292198614,viaf
Ernst Mayr,Q5354,German-American evolutionary biologist (1904-2005),George Sarton Medal,Q1506778,1986,CBA000066642,98043389,http://viaf.org/viaf/98043389,viaf
G. E. R. Lloyd,Q456444,British historian of ancient science (1933-),George Sarton Medal,Q1506778,1987,CBA000061467,101909258,http://viaf.org/viaf/101909258,viaf
Stillman Drake,Q2349689,Canadian academic (1910–1993),George Sarton Medal,Q1506778,1988,CBA000026976,108296373,http://viaf.org/viaf/108296373,viaf
Gerald Holton,Q935051,American physicist,George Sarton Medal,Q1506778,1989,CBA000046826,32004998,"http://viaf.org/viaf/32004998, http://viaf.org/viaf/32004998",viaf
A. Hunter Dupree,Q491599,historian and United States Navy officer (1921–2019),George Sarton Medal,Q1506778,1990,CBA000027788,18509003,http://viaf.org/viaf/18509003,viaf
Mirko Grmek,Q938645,Croatian-French psychiatrist & historian of medicine,George Sarton Medal,Q1506778,1991,CBA000040249,76316497,http://viaf.org/viaf/76316497,viaf
Edward Grant,Q1292395,American historian (1926–2020),George Sarton Medal,Q1506778,1992,CBA000039358,4956969,http://viaf.org/viaf/4956969,viaf
John L. Heilbron,Q1700413,American historian of science (1934–2023),George Sarton Medal,Q1506778,1993,CBA000044167,29559137,"http://viaf.org/viaf/29559137, http://viaf.org/viaf/29559137",viaf
Allen G. Debus,Q24292,American historian of science (1926-2009),George Sarton Medal,Q1506778,1994,CBA000024169,29559673,http://viaf.org/viaf/29559673,viaf
Charles E. Rosenberg,Q5077167,American science historian,George Sarton Medal,Q1506778,1995,CBA000087057,22204997,http://viaf.org/viaf/7413787,name
Loren Graham,Q1972782,American historian (1933–2024),George Sarton Medal,Q1506778,1996,CBA627044088,5961,http://viaf.org/viaf/21159610313940540618,viaf
Betty Jo Teeter Dobbs,Q2900247,American historian (1930-1994),George Sarton Medal,Q1506778,1997,CBA000026133,112823969,http://viaf.org/viaf/112823969,viaf
Thomas L. Hankins,Q15446686,"American professor of history, science historian, physicist",George Sarton Medal,Q1506778,1998,CBA000042461,17289057,http://viaf.org/viaf/17289057,viaf
David C. Lindberg,Q550844,American historian of science (1935–2015),George Sarton Medal,Q1506778,1999,CBA000060879,109333288,http://viaf.org/viaf/109333288,viaf
Frederic Lawrence Holmes,Q15446721,American historian (1932-2003),George Sarton Medal,Q1506778,2000,CBA000046745,27146829,"http://viaf.org/viaf/43261292, http://viaf.org/viaf/27146829",viaf
Daniel Kevles,Q5217796,American historian,George Sarton Medal,Q1506778,2001,CBA000053422,40587,http://viaf.org/viaf/40587,viaf
John C. Greene,Q15446688,American historian of science (1917-2008),George Sarton Medal,Q1506778,2002,CBA000039742,111071899,http://viaf.org/viaf/111071899,viaf
Nancy Siraisi,Q1964529,American medical historian,George Sarton Medal,Q1506778,2003,CBA000095100,27095702,http://viaf.org/viaf/27095702,viaf
Robert E. Kohler,Q1307464,American chemist and historian,George Sarton Medal,Q1506778,2004,CBA000055066,94403951,http://viaf.org/viaf/94403951,viaf
A. I. Sabra,Q307891,Egyptian historian of science (1924-2013),George Sarton Medal,Q1506778,2005,CBA000088730,92511547,http://viaf.org/viaf/92511547,viaf
Mary Jo Nye,Q1246280,American academic,George Sarton Medal,Q1506778,2006,CBA000074929,108149013,http://viaf.org/viaf/108149013,viaf
Martin J. S. Rudwick,Q460393,"British geologist, historian, and academic",George Sarton Medal,Q1506778,2007,CBA000088048,54168216,http://viaf.org/viaf/54168216,viaf
Ronald Numbers,Q2165714,American historian of science (1942–2023),George Sarton Medal,Q1506778,2008,CBA000074843,108581148,http://viaf.org/viaf/108581148,viaf
John E. Murdoch,Q1699969,American philosopher of science (1927–2010),George Sarton Medal,Q1506778,2009,CBA000072526,19727789,http://viaf.org/viaf/19727789,viaf
Michael R. McVaugh,Q15446684,American medical historian,George Sarton Medal,Q1506778,2010,CBA000154859,113286154,http://viaf.org/viaf/113286154,viaf
Robert J. Richards,Q7345962,American historian of science (1942-),George Sarton Medal,Q1506778,2011,CBA000084940,94989226,http://viaf.org/viaf/94989226,viaf
Lorraine Daston,Q529094,American historian of science,George Sarton Medal,Q1506778,2012,CBA000023523,266876859,http://viaf.org/viaf/266876859,viaf
Simon Schaffer,Q547039,British historian of science,George Sarton Medal,Q1506778,2013,CBA000090418,98183724,http://viaf.org/viaf/98183724,viaf
Steven Shapin,Q967777,American sociologist,George Sarton Medal,Q1506778,2014,CBA000093511,44422611,http://viaf.org/viaf/44422611,viaf
Robert Fox,Q22087424,British historian,George Sarton Medal,Q1506778,2015,CBA000033349,10907,http://viaf.org/viaf/10907,viaf
Katharine Park,Q6376222,History of Science professor,George Sarton Medal,Q1506778,2016,CBA000077299,42763312,http://viaf.org/viaf/42763312,viaf
Garland E. Allen,Q5523410,American historian and biographer (born 1936),George Sarton Medal,Q1506778,2017,CBA000001487,67730264,,name
Sally Gregory Kohlstedt,Q23020834,American historian of science,George Sarton Medal,Q1506778,2018,CBA000055087,45522297,,name
M. Norton Wise,Q16887085,"Distinguished Professor of History, University of California, Los Angeles",George Sarton Medal,Q1506778,2019,CBA000110724,61591627,http://viaf.org/viaf/61591627,viaf
Jim Bennett,Q6193623,British historian of science and museum curator,George Sarton Medal,Q1506778,2020,CBA000007663,208035093,,name
Bernadette Bensaude-Vincent,Q2897345,French philosopher,George Sarton Medal,Q1506778,2021,CBA000007717,36914496,"http://viaf.org/viaf/36914496, http://viaf.org/viaf/210147266721435481237",viaf
Margaret W. Rossiter,Q6759992,American historian of science,George Sarton Medal,Q1506778,2022,CBA000087375,69084476,http://viaf.org/viaf/69084476,viaf
Johan Heilbron,Q108824211,"birth date, July 1, 1952",George Sarton Medal,Q1506778,,CBA000044168,56720614,,name
Otto Gekeler,Q124789219,,George Sarton Medal,Q1506778,,CBA000036178,171616349,,name
F. James Rutherford,Q5423934,American scholar,Joseph H. Hazen Education Prize,Q106809262,1998,CBA000088482,39615197,,name
Gerald Holton,Q935051,American physicist,Joseph H. Hazen Education Prize,Q106809262,1998,CBA000046826,32004998,"http://viaf.org/viaf/32004998, http://viaf.org/viaf/32004998",viaf
Liba Taub,Q45302256,American historian of science and museum curator,Joseph H. Hazen Education Prize,Q106809262,1999,CBA000160198,110712643,,name
Jane Maienschein,Q6152516,American evolutionary biologist,Joseph H. Hazen Education Prize,Q106809262,2000,CBA000154212,54226951,,name
Stephen Brush,Q1763302,American physicist,Joseph H. Hazen Education Prize,Q106809262,2001,CBA000013852,79047084,http://viaf.org/viaf/79047084,viaf
Robert A. Hatch,Q122051028,American historian of science,Joseph H. Hazen Education Prize,Q106809262,2002,CBA000150819,100406172,,name
Paul Lawrence Farber,Q7151966,American historian (1944–2021),Joseph H. Hazen Education Prize,Q106809262,2003,CBA000030665,104672061,,name
Falk Rieß,Q122051076,German scholar of science education,Joseph H. Hazen Education Prize,Q106809262,2004,,64263096,,
Pamela E. Mack,Q122051174,American historian of science,Joseph H. Hazen Education Prize,Q106809262,2005,CBA000063313,76428966,,name
Graeme Gooday,Q96072442,British historian and philosopher of science,Joseph H. Hazen Education Prize,Q106809262,2006,CBA000149951,2726896,,name
Joe Cain,Q6208930,British historian,Joseph H. Hazen Education Prize,Q106809262,2007,CBA000015374,9231975,,name
Sara J. Schechner,Q62274518,American historian of science,Joseph H. Hazen Education Prize,Q106809262,2008,CBA000090544,98184545,,name
Frederick Gregory,Q107232557,American historian of science,Joseph H. Hazen Education Prize,Q106809262,2009,CBA000039876,112217868,,name
Michael R. Matthews,Q102076761,Australian philosopher and historian of science,Joseph H. Hazen Education Prize,Q106809262,2010,CBA000066221,32098919,,name
Pamela Henson,Q96034706,American historian and archivist,Joseph H. Hazen Education Prize,Q106809262,2011,CBA000044791,21822548,,name
Vassiliki Betty Smocovitis,Q122051277,Egyptian American historian of science,Joseph H. Hazen Education Prize,Q106809262,2012,CBA000096063,163114991,,name
Peter Pešić,Q93429309,American historian of science and pianist,Joseph H. Hazen Education Prize,Q106809262,2013,CBA000079055,46977514,,name
Monica Green,Q20675615,medieval historian,Joseph H. Hazen Education Prize,Q106809262,2014,CBA000150155,74021233,,name
Sally Gregory Kohlstedt,Q23020834,American historian of science,Joseph H. Hazen Education Prize,Q106809262,2015,CBA000055087,45522297,,name
Joan L. Richards,Q98925739,American historian of mathematics,Joseph H. Hazen Education Prize,Q106809262,2016,CBA000084915,110129900,,name
Marvin Bolt,Q122051371,American curator of science and technology,Joseph H. Hazen Education Prize,Q106809262,2017,CBA000010619,117577320,,name
Michael A. Osborne,Q113456039,American history of science professor,Joseph H. Hazen Education Prize,Q106809262,2019,CBA000076149,34554161,,name
Allison C. Marsh,Q122051475,American historian of technology,Joseph H. Hazen Education Prize,Q106809262,2020,CBA000065236,39153713790558661239,,name
Douglas Allchin,Q112484610,American philosopher and historian of science,Joseph H. Hazen Education Prize,Q106809262,2021,CBA000001442,46021166,,name
Michael P. Clough,Q122070624,American professor of science education,Joseph H. Hazen Education Prize,Q106809262,2021,CBA000019616,2154739854752992493,,name
Alex Wellerstein,Q36726927,American historian of science,Joseph H. Hazen Education Prize,Q106809262,2022,CBA000108609,4641155044781172520005,,name
Pamela H. Smith,Q28027754,historian of science,Joseph H. Hazen Education Prize,Q106809262,2023,CBA000095915,191150061,http://viaf.org/viaf/191150061,viaf
Babak Ashrafi,Q135972597,historian of science,Joseph H. Hazen Education Prize,Q106809262,,CBA000003493,,,name
Tom Whiteside,Q1200127,British mathematician and historian of mathematics (1932–2008),Koyré Medal,Q68442370,1968,CBA000109371,262811787,http://viaf.org/viaf/262811787,viaf
Josif Shtokalo,Q6290799,Ukrainian mathematician,Koyré Medal,Q68442370,1970,,239968282,,
Adolf Yushkevich,Q363560,Soviet historian of mathematics and leading expert in medieval Eastern mathematics (1906-1993),Koyré Medal,Q68442370,1971,CBA000140268,19911048,http://viaf.org/viaf/19911048,viaf
Charles Coulston Gillispie,Q1064544,American historian (1918–2015),Koyré Medal,Q68442370,1986,CBA000037219,88885236,http://viaf.org/viaf/88885236,viaf
Izabella Bashmakova,Q1673591,Russian historian of mathematics (1921-2005),Koyré Medal,Q68442370,2001,CBA000140228,120102720,http://viaf.org/viaf/120102720,viaf
Guy Beaujouan,Q3121538,French historian of science,Koyré Medal,Q68442370,2005,CBA000006634,79020058,,name
David King,Q1174988,English historian of science,Koyré Medal,Q68442370,2013,CBA427518716,109392820,,name
Ekmeleddin İhsanoğlu,Q331707,Turkish academic (born 1943),Koyré Medal,Q68442370,,CBA000048812,93377327,http://viaf.org/viaf/93377327,viaf
John L. Heilbron,Q1700413,American historian of science (1934–2023),Koyré Medal,Q68442370,,CBA000044167,29559137,"http://viaf.org/viaf/29559137, http://viaf.org/viaf/29559137",viaf
Regina Morantz-Sanchez,Q7308508,American historian,Margaret W. Rossiter History of Women in Science Prize,Q6759993,1987,CBA000155371,70359031,,name
Pnina G. Abir-Am,Q76390488,Israeli American historian of science (1947– ),Margaret W. Rossiter History of Women in Science Prize,Q6759993,1988,CBA000165822,112447541,,name
Joan Mark,Q76390383,American historian of anthropology,Margaret W. Rossiter History of Women in Science Prize,Q6759993,1989,CBA000065018,110447225,,name
Ann Hibner Koblitz,Q50844401,American academic,Margaret W. Rossiter History of Women in Science Prize,Q6759993,1990,CBA000054852,7455427,,name
Martha H. Verbrugge,Q76390024,American historian,Margaret W. Rossiter History of Women in Science Prize,Q6759993,1991,CBA000105435,33471021,,name
Judith Coffin,Q76389738,American historian,Margaret W. Rossiter History of Women in Science Prize,Q6759993,1992,CBA000019851,61659181,,name
Barbara Duden,Q807399,German historian,Margaret W. Rossiter History of Women in Science Prize,Q6759993,1993,CBA000027387,36985004,,name
Londa Schiebinger,Q538238,American historian,Margaret W. Rossiter History of Women in Science Prize,Q6759993,1994,CBA000158543,111248236,,name
Elizabeth Lunbeck,Q58755267,American historian,Margaret W. Rossiter History of Women in Science Prize,Q6759993,1995,CBA000153997,113858915,,name
Ida Stamhuis,Q76389463,Dutch historian of science,Margaret W. Rossiter History of Women in Science Prize,Q6759993,1996,CBA000159666,12548578,,name
Margaret W. Rossiter,Q6759992,American historian of science,Margaret W. Rossiter History of Women in Science Prize,Q6759993,1997,CBA000087375,69084476,http://viaf.org/viaf/69084476,viaf
Mary Terrall,Q69669214,American historian of science,Margaret W. Rossiter History of Women in Science Prize,Q6759993,1998,CBA000101336,89748249,http://viaf.org/viaf/89748249,viaf
Linda Lear,Q62029365,American historian of science and biographer,Margaret W. Rossiter History of Women in Science Prize,Q6759993,1999,CBA000058711,29854714,,name
Naomi Oreskes,Q205618,"American historian, scientist, academic",Margaret W. Rossiter History of Women in Science Prize,Q6759993,2000,CBA000075961,61716481,,name
Charlotte Furth,Q76389161,American historian,Margaret W. Rossiter History of Women in Science Prize,Q6759993,2001,CBA000034721,7558249,,name
Ruth Oldenziel,Q76388758,Dutch historian and lecturer at the TU Eindhoven,Margaret W. Rossiter History of Women in Science Prize,Q6759993,2002,CBA000075553,36238115,,name
Ellen Singer More,Q76388386,American historian of medicine,Margaret W. Rossiter History of Women in Science Prize,Q6759993,2003,CBA000071120,245638247,,name
Paula Findlen,Q28921839,American historian (1964-),Margaret W. Rossiter History of Women in Science Prize,Q6759993,2004,CBA000148912,9957596,"http://viaf.org/viaf/9957596, http://viaf.org/viaf/9957596",viaf
Kathleen Broome Williams,Q76388222,American history professor,Margaret W. Rossiter History of Women in Science Prize,Q6759993,2005,CBA000110048,78041881,,name
Arleen Marcia Tuchman,Q76388106,American historian of science and medicine,Margaret W. Rossiter History of Women in Science Prize,Q6759993,2006,CBA000103686,51763054,,name
Katharine Park,Q6376222,History of Science professor,Margaret W. Rossiter History of Women in Science Prize,Q6759993,2007,CBA000077299,42763312,http://viaf.org/viaf/42763312,viaf
Sara Stidstone Gronim,Q76386970,American environmental historian,Margaret W. Rossiter History of Women in Science Prize,Q6759993,2008,CBA000040318,45499731,,name
Monica Green,Q20675615,medieval historian,Margaret W. Rossiter History of Women in Science Prize,Q6759993,2009,CBA000150155,74021233,,name
Marsha Richmond,Q55186337,"American biologist, historian of science",Margaret W. Rossiter History of Women in Science Prize,Q6759993,2010,CBA000085044,14926817,,name
Yi-Li Wu,Q76386135,American historian of Chinese medicine,Margaret W. Rossiter History of Women in Science Prize,Q6759993,2011,CBA000111676,106809255,,name
Conevery Bolton Valencius,Q60696413,American historian of environmental science,Margaret W. Rossiter History of Women in Science Prize,Q6759993,2012,CBA000104581,118546747,,name
Peter Kastor,Q76386045,American historian,Margaret W. Rossiter History of Women in Science Prize,Q6759993,2012,CBA000052386,244074,,name
Sally Gregory Kohlstedt,Q23020834,American historian of science,Margaret W. Rossiter History of Women in Science Prize,Q6759993,2013,CBA000055087,45522297,,name
Kimberly A. Hamlin,Q76385848,American historian of gender and sex,Margaret W. Rossiter History of Women in Science Prize,Q6759993,2014,CBA000042246,312879516,,name
Amy Sue Bix,Q76385527,American historian of gender and science,Margaret W. Rossiter History of Women in Science Prize,Q6759993,2015,CBA000009501,244571556,,name
Paola Bertucci,Q76385482,Italian historian of medicine,Margaret W. Rossiter History of Women in Science Prize,Q6759993,2016,CBA000008583,24849391,,name
Laura Micheletti Puaca,Q76385383,American historian of gender,Margaret W. Rossiter History of Women in Science Prize,Q6759993,2017,CBA000082177,312717221,,name
Kara W. Swanson,Q76385342,American professor of law and history,Margaret W. Rossiter History of Women in Science Prize,Q6759993,2018,CBA000100016,95656754,,name
Elaine Leong,Q76384912,British historian of science and medicine,Margaret W. Rossiter History of Women in Science Prize,Q6759993,2019,CBA000153495,39340653,,name
Myrna Perez Sheldon,Q122042428,American historian of science,Margaret W. Rossiter History of Women in Science Prize,Q6759993,2020,CBA000093795,21165705663348930417,,name
Sharon T. Strocchia,Q113779499,American historian (1951– ),Margaret W. Rossiter History of Women in Science Prize,Q6759993,2021,CBA000099170,112884612,,name
Beans Velocci,Q123439698,"American historian of sex, gender and sexuality",Margaret W. Rossiter History of Women in Science Prize,Q6759993,2022,CBA512010579,,,name
Leah DeVun,Q24207105,American contemporary artist and historian (1973-),Margaret W. Rossiter History of Women in Science Prize,Q6759993,2023,CBA000025397,51104550,,name
Christoffer Basse Eriksen,Q135972522,historian of science,Margaret W. Rossiter History of Women in Science Prize,Q6759993,2024,CBA501901146,,,name
Xinyi Wen,Q135972531,historian of science,Margaret W. Rossiter History of Women in Science Prize,Q6759993,2024,CBA352411166,,,name
Frederic Lawrence Holmes,Q15446721,American historian (1932-2003),Nathan Reingold Prize,Q16932038,1962,CBA000046745,27146829,"http://viaf.org/viaf/43261292, http://viaf.org/viaf/27146829",viaf
Marie Boas Hall,Q527805,American historian of science (1919 – 2009),Pfizer Award,Q1673732,1959,CBA000041948,108172925,http://viaf.org/viaf/108172925,viaf
Marshall Clagett,Q325282,American historian of science (1916-2005),Pfizer Award,Q1673732,1960,CBA000019135,24617715,http://viaf.org/viaf/24617715,viaf
Cyril Stanley Smith,Q4424880,British metallurgist (1903–1992),Pfizer Award,Q1673732,1961,CBA000095687,212960724,http://viaf.org/viaf/212960724,viaf
Henry Guerlac,Q907710,American historian (1910-1985),Pfizer Award,Q1673732,1962,CBA000040744,266692537,http://viaf.org/viaf/266692537,viaf
Lynn Townsend White,Q983820,American historian (1907-1987),Pfizer Award,Q1673732,1963,CBA000109295,92871577,http://viaf.org/viaf/92871577,viaf
Robert E. Schofield,Q56523465,American physicist and historian of science,Pfizer Award,Q1673732,1964,CBA000091507,56701373,"http://viaf.org/viaf/268014534, http://viaf.org/viaf/56701373",viaf
Charles Donald O'Malley,Q68920940,American historian of science,Pfizer Award,Q1673732,1965,CBA000075114,73936066,http://viaf.org/viaf/73936066,viaf
L. Pearce Williams,Q6456593,American academic (1927-2015),Pfizer Award,Q1673732,1966,CBA000110052,34525180,http://viaf.org/viaf/34525180,viaf
Howard B. Adelmann,Q71664107,American historian of science,Pfizer Award,Q1673732,1967,CBA000000527,22270609,http://viaf.org/viaf/22270609,viaf
Edward Rosen,Q5345115,American historian of science (1906-1985),Pfizer Award,Q1673732,1968,CBA000087014,108630454,http://viaf.org/viaf/108630454,viaf
Margaret May,Q28925161,British health sciences modeller,Pfizer Award,Q1673732,1969,,,,
Michael Ghiselin,Q547129,American biologist (1939–2024),Pfizer Award,Q1673732,1970,CBA000036768,24648332,http://viaf.org/viaf/24648332,viaf
David Joravsky,Q71585206,American historian,Pfizer Award,Q1673732,1971,CBA000051206,15950206,http://viaf.org/viaf/15950206,viaf
Richard S. Westfall,Q1074715,American historian of science (1924–1996),Pfizer Award,Q1673732,1972,CBA000108991,292198614,http://viaf.org/viaf/292198614,viaf
Joseph S. Fruton,Q6286748,American biochemist,Pfizer Award,Q1673732,1973,CBA000034461,100503929,http://viaf.org/viaf/100503929,viaf
Susan Schlee,Q68592143,historian of oceanography,Pfizer Award,Q1673732,1974,CBA000090933,79311713,http://viaf.org/viaf/79311713,viaf
Frederic Lawrence Holmes,Q15446721,American historian (1932-2003),Pfizer Award,Q1673732,1975,CBA000046745,27146829,"http://viaf.org/viaf/43261292, http://viaf.org/viaf/27146829",viaf
Otto E. Neugebauer,Q111996,Austrian-American mathematician (1899–1990),Pfizer Award,Q1673732,1976,CBA000073701,108610011,http://viaf.org/viaf/108610011,viaf
Stephen Brush,Q1763302,American physicist,Pfizer Award,Q1673732,1977,CBA000013852,79047084,http://viaf.org/viaf/79047084,viaf
Allen G. Debus,Q24292,American historian of science (1926-2009),Pfizer Award,Q1673732,1978,CBA000024169,29559673,http://viaf.org/viaf/29559673,viaf
Merritt Roe Smith,Q6820361,American historian,Pfizer Award,Q1673732,1978,CBA000095886,93041342,http://viaf.org/viaf/93041342,viaf
Susan Faye Cannon,Q7647814,science historian for the National Museum of American History (1925–1981),Pfizer Award,Q1673732,1979,CBA000015954,33247814,http://viaf.org/viaf/33247814,viaf
Frank Sulloway,Q788582,American psychologist and historian of science,Pfizer Award,Q1673732,1980,CBA000099633,51841084,http://viaf.org/viaf/51841084,viaf
Charles Coulston Gillispie,Q1064544,American historian (1918–2015),Pfizer Award,Q1673732,1981,CBA000037219,88885236,http://viaf.org/viaf/88885236,viaf
Thomas Goldstein,Q21845863,German historian (1913-1997),Pfizer Award,Q1673732,1982,CBA000038251,45062105,http://viaf.org/viaf/79388913,name
Richard S. Westfall,Q1074715,American historian of science (1924–1996),Pfizer Award,Q1673732,1983,CBA000108991,292198614,http://viaf.org/viaf/292198614,viaf
Kenneth Manning,Q6390442,American academic,Pfizer Award,Q1673732,1984,CBA000064504,41946147,http://viaf.org/viaf/41946147,viaf
Noel Swerdlow,Q1995380,American historian (1941-2021),Pfizer Award,Q1673732,1985,CBA000100083,46828252,http://viaf.org/viaf/46828252,viaf
Otto E. Neugebauer,Q111996,Austrian-American mathematician (1899–1990),Pfizer Award,Q1673732,1985,CBA000073701,108610011,http://viaf.org/viaf/108610011,viaf
I. Bernard Cohen,Q1347036,American historian of science (1914–2003),Pfizer Award,Q1673732,1986,CBA033523925,109027684,https://viaf.org/viaf/109027684/,viaf
Christa Jungnickel,Q59532042,American historian of science (1935-1990),Pfizer Award,Q1673732,1987,CBA000051515,68956505,http://viaf.org/viaf/68956505,viaf
Russell McCormmach,Q2176938,American historian,Pfizer Award,Q1673732,1987,CBA000067004,54168497,http://viaf.org/viaf/54168497,viaf
Robert J. Richards,Q7345962,American historian of science (1942-),Pfizer Award,Q1673732,1988,CBA000084940,94989226,http://viaf.org/viaf/94989226,viaf
Lorraine Daston,Q529094,American historian of science,Pfizer Award,Q1673732,1989,CBA000023523,266876859,http://viaf.org/viaf/266876859,viaf
Crosbie Smith,Q71687531,English historian of science,Pfizer Award,Q1673732,1990,CBA000095685,12353283,http://viaf.org/viaf/12353283,viaf
M. Norton Wise,Q16887085,"Distinguished Professor of History, University of California, Los Angeles",Pfizer Award,Q1673732,1990,CBA000110724,61591627,http://viaf.org/viaf/61591627,viaf
Adrian Desmond,Q4684978,historian of science,Pfizer Award,Q1673732,1991,CBA000025195,2527422,http://viaf.org/viaf/2527422,viaf
John Servos,Q6257323,American historian,Pfizer Award,Q1673732,1991,CBA000093232,111682575,http://viaf.org/viaf/111682575,viaf
James R. Bartholomew,Q29922079,American historian,Pfizer Award,Q1673732,1992,CBA000005805,286597022,http://viaf.org/viaf/279098784,name
David C. Cassidy,Q1173893,American science historian,Pfizer Award,Q1673732,1993,CBA000016920,66547186,http://viaf.org/viaf/66547186,viaf
Joan Cadden,Q22958688,"American professor, writer",Pfizer Award,Q1673732,1994,CBA000015265,267672541,http://viaf.org/viaf/267672541,viaf
Pamela H. Smith,Q28027754,historian of science,Pfizer Award,Q1673732,1995,CBA000095915,191150061,http://viaf.org/viaf/191150061,viaf
Paula Findlen,Q28921839,American historian (1964-),Pfizer Award,Q1673732,1996,CBA000148912,9957596,"http://viaf.org/viaf/9957596, http://viaf.org/viaf/9957596",viaf
Margaret W. Rossiter,Q6759992,American historian of science,Pfizer Award,Q1673732,1997,CBA000087375,69084476,http://viaf.org/viaf/69084476,viaf
Peter Galison,Q444025,American historian of science and physicist,Pfizer Award,Q1673732,1998,CBA000035049,107594468,http://viaf.org/viaf/107594468,viaf
Katharine Park,Q6376222,History of Science professor,Pfizer Award,Q1673732,1999,CBA000077299,42763312,http://viaf.org/viaf/42763312,viaf
Lorraine Daston,Q529094,American historian of science,Pfizer Award,Q1673732,1999,CBA000023523,266876859,http://viaf.org/viaf/266876859,viaf
Crosbie Smith,Q71687531,English historian of science,Pfizer Award,Q1673732,2000,CBA000095685,12353283,http://viaf.org/viaf/12353283,viaf
John L. Heilbron,Q1700413,American historian of science (1934–2023),Pfizer Award,Q1673732,2001,CBA000044167,29559137,"http://viaf.org/viaf/29559137, http://viaf.org/viaf/29559137",viaf
Miguel Ángel Asenjo Sebastián,Q89912119,,Pfizer Award,Q1673732,2001,,18500619,,
James A. Secord,Q61944839,American British historian of science,Pfizer Award,Q1673732,2002,CBA000092600,61637081,http://viaf.org/viaf/61637081,viaf
Mary Terrall,Q69669214,American historian of science,Pfizer Award,Q1673732,2003,CBA000101336,89748249,http://viaf.org/viaf/89748249,viaf
Janet Browne,Q6153222,British historian of science,Pfizer Award,Q1673732,2004,CBA000013552,109290373,http://viaf.org/viaf/109290373,viaf
Lawrence M. Principe,Q6504357,American chemist and historian of science,Pfizer Award,Q1673732,2005,CBA000081904,28282892,http://viaf.org/viaf/28282892,viaf
William R. Newman,Q8017256,"professor, scientist",Pfizer Award,Q1673732,2005,CBA000073882,56700335,http://viaf.org/viaf/56700335,viaf
"Richard W. Burkhardt, Jr.",Q56481002,American historian of science,Pfizer Award,Q1673732,2006,CBA000014647,97710933,http://viaf.org/viaf/97710933,viaf
David Kaiser,Q5235818,American physicist,Pfizer Award,Q1673732,2007,CBA000051765,69153695,http://viaf.org/viaf/69153695,viaf
Deborah Harkness,Q2541295,"American scholar, novelist and wine enthusiast",Pfizer Award,Q1673732,2008,CBA000042803,117039140,http://viaf.org/viaf/117039140,viaf
Harold J. Cook,Q5660339,American historian,Pfizer Award,Q1673732,2009,CBA000020789,262782170,,name
Maria Rosa Antognazza,Q28925077,Italian philosopher,Pfizer Award,Q1673732,2010,CBA000002696,97626582,http://viaf.org/viaf/97626582,viaf
Eleanor Robson,Q434563,British academic,Pfizer Award,Q1673732,2011,CBA000086095,32169986,http://viaf.org/viaf/32169986,viaf
Dagmar Schäfer,Q19502138,German professor,Pfizer Award,Q1673732,2012,CBA017773652,25233523,http://viaf.org/viaf/25233523,viaf
John Tresch,Q71565790,Historian of Science,Pfizer Award,Q1673732,2013,CBA000103266,247305693,http://viaf.org/viaf/247305693,viaf
Sachiko Kusukawa,Q27813801,British historian of science,Pfizer Award,Q1673732,2014,CBA000056817,19782781,http://viaf.org/viaf/19782781,viaf
Daniel P. Todes,Q29653535,medical historian,Pfizer Award,Q1673732,2015,CBA000102541,29582249,http://viaf.org/viaf/29582249,viaf
Valérie D'Acremont,Q96066422,"epidemiologist, physician, professor at the University",Pfizer Award,Q1673732,2015,,95225641,,
Omar W. Nasim,Q71557324,Canadian historian of science,Pfizer Award,Q1673732,2016,CBA000073183,1942186,,name
Tiago Saraiva,Q69358024,Portuguese historian of science,Pfizer Award,Q1673732,2017,CBA000089770,29762809,,name
Anita Guerrini,Q68566178,historian born 1953,Pfizer Award,Q1673732,2018,CBA000040775,111612832,,name
Deborah R. Coen,Q72410049,American historian of science,Pfizer Award,Q1673732,2019,CBA000019831,129146937734013830082,,name
Theodore M. Porter,Q7781903,American historian,Pfizer Award,Q1673732,2020,CBA000081197,107030986,,name
María M. Portuondo,Q96098967,American historian of science,Pfizer Award,Q1673732,2021,CBA000081227,68405260,,name
Tara Nummedal,Q60056531,American historian of science,Pfizer Award,Q1673732,2022,CBA000074846,32331303,,name
Robyn d'Avignon,Q127433005,historian,Pfizer Award,Q1673732,2023,CBA288565849,,https://www.linkedin.com/in/robyn-d-avignon-a08a9087/,name
Carlos Alberto Aguilar Salinas,Q59640618,medical researcher,Pfizer Award,Q1673732,,,34285227,,
Miloš Kaláb,Q15074023,Czech publicist and scientist,Pfizer Award,Q1673732,,,84785477,,
Martin J. S. Rudwick,Q460393,"British geologist, historian, and academic",Sue Tyler Friedman Medal,Q4287196,1988,CBA000088048,54168216,http://viaf.org/viaf/54168216,viaf
Stephen Jay Gould,Q180619,American biologist and historian of science (1941–2002),Sue Tyler Friedman Medal,Q4287196,1989,CBA000039011,108205470,http://viaf.org/viaf/108205470,viaf
William Sarjeant,Q8018123,British novelist and geologist,Sue Tyler Friedman Medal,Q4287196,1990,,68991396,,
Hugh Torrens,Q23017932,English palaeontologist; historian of science,Sue Tyler Friedman Medal,Q4287196,1991,CBA743863967,139050556,,name
François Ellenberger,Q3084560,French geologist (1915-2000),Sue Tyler Friedman Medal,Q4287196,1992,CBA000029037,64031050,,name
Thomas George Vallance,Q34412334,Australian petrologist and historian of science,Sue Tyler Friedman Medal,Q4287196,1993,CBA000104655,65375497,,name
David R. Oldroyd,Q14828017,Australian geologist,Sue Tyler Friedman Medal,Q4287196,1994,CBA000075568,78769685,http://viaf.org/viaf/78769685,viaf
Homer Eugene Le Grand,Q115689634,American-Australian historian of science,Sue Tyler Friedman Medal,Q4287196,1995,CBA000059180,77448573,http://viaf.org/viaf/77448573,viaf
Gordon L. Herries Davies,Q59428171,geographer and historian of earth sciences (1932-2019),Sue Tyler Friedman Medal,Q4287196,1996,CBA000023701,65278262,,name
Martin Guntau,Q59425789,German historian of science,Sue Tyler Friedman Medal,Q4287196,1997,CBA000041050,57758952,,name
Kenneth L. Taylor,Q59452505,American historian of geology,Sue Tyler Friedman Medal,Q4287196,1998,CBA000100995,5229268,http://viaf.org/viaf/5229268,viaf
James A. Secord,Q61944839,American British historian of science,Sue Tyler Friedman Medal,Q4287196,2000,CBA000092600,61637081,http://viaf.org/viaf/61637081,viaf
Rhoda Rappaport,Q93221396,historian of science,Sue Tyler Friedman Medal,Q4287196,2003,CBA000083358,71547525,,name
Ursula B. Marvin,Q7901220,"American geologist, mineralogist and historian of science (1921-2018)",Sue Tyler Friedman Medal,Q4287196,2005,CBA000065750,25897586,,name
Jack Morrell,Q6114197,British historian of science,Sue Tyler Friedman Medal,Q4287196,2007,CBA000071441,94604490,,name
Philippe Taquet,Q595117,French paleontologist,Sue Tyler Friedman Medal,Q4287196,2009,CBA000100724,56616782,,name
Cherry Lewis,Q112543328,British historian of geology,Sue Tyler Friedman Medal,Q4287196,2012,CBA000060300,27289965,,name
Henry R. Frankel,Q59406756,American philosopher and historian of science,Sue Tyler Friedman Medal,Q4287196,2013,CBA000033597,165153574,,name
Edward P.F. Rose,Q34412285,English palaeontologist and geologist,Sue Tyler Friedman Medal,Q4287196,2014,,309566227,,
David Branagan,Q34412174,Australian geologist and historian of geology,Sue Tyler Friedman Medal,Q4287196,2015,CBA000012121,1613985,,name
Richard Howarth,Q34412137,British geologist,Sue Tyler Friedman Medal,Q4287196,2016,CBA000047526,94154259,,name
Mott T. Greene,Q1708877,American historian of science,Sue Tyler Friedman Medal,Q4287196,2017,CBA000039751,111885289,,name
Sandra Herbert,Q59449313,American historian of geology,Sue Tyler Friedman Medal,Q4287196,2020,CBA000044859,46884977,,name
Daniel J. Boorstin,Q551252,American historian (1914–2004),Watson Davis and Helen Miles Davis Prize,Q26269403,1986,CBA000010924,108476590,,name
Thomas L. Hankins,Q15446686,"American professor of history, science historian, physicist",Watson Davis and Helen Miles Davis Prize,Q26269403,1987,CBA000042461,17289057,http://viaf.org/viaf/17289057,viaf
John L. Heilbron,Q1700413,American historian of science (1934–2023),Watson Davis and Helen Miles Davis Prize,Q26269403,1988,CBA000044167,29559137,"http://viaf.org/viaf/29559137, http://viaf.org/viaf/29559137",viaf
Joan Mark,Q76390383,American historian of anthropology,Watson Davis and Helen Miles Davis Prize,Q26269403,1989,CBA000065018,110447225,,name
Robert W. Smith,Q3436505,Canadian historian,Watson Davis and Helen Miles Davis Prize,Q26269403,1990,CBA000159395,1709150869795122190004,,name
Nancy Siraisi,Q1964529,American medical historian,Watson Davis and Helen Miles Davis Prize,Q26269403,1991,CBA000095100,27095702,http://viaf.org/viaf/27095702,viaf
John Hedley Brooke,Q6238513,British historian of science,Watson Davis and Helen Miles Davis Prize,Q26269403,1992,CBA000013161,49289055,,name
Adrian Desmond,Q4684978,historian of science,Watson Davis and Helen Miles Davis Prize,Q26269403,1993,CBA000025195,2527422,http://viaf.org/viaf/2527422,viaf
James Moore,Q6139971,author of several biographies of Charles Darwin (born 1947),Watson Davis and Helen Miles Davis Prize,Q26269403,1993,CBA000070936,93867795,,name
David C. Lindberg,Q550844,American historian of science (1935–2015),Watson Davis and Helen Miles Davis Prize,Q26269403,1994,CBA000060879,109333288,http://viaf.org/viaf/109333288,viaf
Victor J. Katz,Q26202476,American mathematician,Watson Davis and Helen Miles Davis Prize,Q26269403,1995,CBA000052473,51768782,,name
Betty Jo Teeter Dobbs,Q2900247,American historian (1930-1994),Watson Davis and Helen Miles Davis Prize,Q26269403,1996,CBA000026133,112823969,http://viaf.org/viaf/112823969,viaf
Margaret Jacob,Q43827743,American historian,Watson Davis and Helen Miles Davis Prize,Q26269403,1996,CBA000151823,108641012,,name
Richard Rhodes,Q686683,"historian, journalist and writer from the USA",Watson Davis and Helen Miles Davis Prize,Q26269403,1997,CBA000084754,85178524,,name
Ruth Lewin Sime,Q19299524,American chemist and university teacher,Watson Davis and Helen Miles Davis Prize,Q26269403,1998,CBA000094734,19828434,,name
Daniel Kevles,Q5217796,American historian,Watson Davis and Helen Miles Davis Prize,Q26269403,1999,CBA000053422,40587,http://viaf.org/viaf/40587,viaf
Gregg A. Mitman,Q27042774,"American director, filmmaker, and historian of science",Watson Davis and Helen Miles Davis Prize,Q26269403,2000,CBA000070133,114255475,,name
Nancy Tomes,Q28112840,"American historian, author and academic",Watson Davis and Helen Miles Davis Prize,Q26269403,2001,CBA000160467,114445134,,name
Peter Dear,Q20429301,historian of science and technology,Watson Davis and Helen Miles Davis Prize,Q26269403,2002,CBA000147761,264667912,,name
Ken Alder,Q28062165,American historian,Watson Davis and Helen Miles Davis Prize,Q26269403,2003,CBA000001151,4955748,,name
Jeff Hughes,Q29643019,British historian of science,Watson Davis and Helen Miles Davis Prize,Q26269403,2004,CBA000047996,46443111,,name
Alan M. Kraut,Q122046919,American historian of immigration,Watson Davis and Helen Miles Davis Prize,Q26269403,2005,CBA000055935,51933328,,name
Robin Marantz Henig,Q7352634,American author and journalist,Watson Davis and Helen Miles Davis Prize,Q26269403,2006,CBA000044629,42736688,,name
Matt Ridley,Q961972,British author and journalist,Watson Davis and Helen Miles Davis Prize,Q26269403,2007,CBA000085176,19819147,,name
Helen M. Rozwadowski,Q110669376,professor of history,Watson Davis and Helen Miles Davis Prize,Q26269403,2008,CBA000087871,69178739,,name
Charles Seife,Q152739,"American author, journalist and professor",Watson Davis and Helen Miles Davis Prize,Q26269403,2009,CBA000092840,84651269,,name
Marcia Bartusiak,Q15987846,"American writer, journalist, and academic",Watson Davis and Helen Miles Davis Prize,Q26269403,2010,CBA000005906,97653341,,name
Erik M. Conway,Q5388707,American historian of science,Watson Davis and Helen Miles Davis Prize,Q26269403,2011,CBA000020744,54438152,,name
Naomi Oreskes,Q205618,"American historian, scientist, academic",Watson Davis and Helen Miles Davis Prize,Q26269403,2011,CBA000075961,61716481,,name
"Mark V. Barrow, Jr.",Q122048105,American historian of science,Watson Davis and Helen Miles Davis Prize,Q26269403,2012,,64176271,,
David Kaiser,Q5235818,American physicist,Watson Davis and Helen Miles Davis Prize,Q26269403,2013,CBA000051765,69153695,http://viaf.org/viaf/69153695,viaf
W. Patrick McCray,Q5264879,American scholar,Watson Davis and Helen Miles Davis Prize,Q26269403,2014,CBA000067038,2641929,,name
Martin J. S. Rudwick,Q460393,"British geologist, historian, and academic",Watson Davis and Helen Miles Davis Prize,Q26269403,2015,CBA000088048,54168216,http://viaf.org/viaf/54168216,viaf
Jacob Darwin Hamblin,Q43419702,American historian of science and technology,Watson Davis and Helen Miles Davis Prize,Q26269403,2016,CBA000042142,29821439,,name
Tania Munz,Q122049440,American historian of science,Watson Davis and Helen Miles Davis Prize,Q26269403,2017,CBA000072472,29314727,,name
Jim Endersby,Q82232993,British historian of science,Watson Davis and Helen Miles Davis Prize,Q26269403,2018,CBA000029381,68896971,,name
Michael F. Robinson,Q122050759,American historian of science,Watson Davis and Helen Miles Davis Prize,Q26269403,2019,CBA000086049,68339874,,name
Cathy Gere,Q55404731,British-American historian of medicine,Watson Davis and Helen Miles Davis Prize,Q26269403,2020,CBA000036455,3120151595769705470002,,name
Matthew Stanley,Q122050942,American historian of science,Watson Davis and Helen Miles Davis Prize,Q26269403,2021,CBA000159679,49560574,,name
Marga Vicedo,Q96072337,philosopher and historian of science,Watson Davis and Helen Miles Davis Prize,Q26269403,2022,CBA000105693,306128222,,name
Jo Marchant,Q6204350,British journalist,Watson Davis and Helen Miles Davis Prize,Q26269403,2023,CBA000064742,228855264,,name
Theresa Levitt,Q135972562,historian of science,Watson Davis and Helen Miles Davis Prize,Q26269403,2024,CBA000060186,,http://viaf.org/viaf/36396570,name
